"iso","umd_tree_cover_extent_2000__ha","area__ha"
"KEN",3319482.95848816167238967,58598335.71896552771836410
