"iso","umd_tree_cover_extent_2000__ha","area__ha"
"KEN",649579.40279353879163145,650650.98962729644934938
